"id","article_id","source","first_property","middle_one","middle_two","second_property","destination","length","relevance_score","rarity_score","localPageRankMean","localHubMean","dbpediaPageRankMean","path_informativeness","path_pattern_informativeness","localPageViewMean"
"10147","130","Bernie_Sanders","R:birthPlace","New_York",,"L:region","Hillary_Clinton","2","0.049769841938500","368800.00000","0.039286789636100","0.020546286957800","566.422766667000000","0.533887874301000","3.496507561470000","38278.000000000000000"
"10148","130","Bernie_Sanders","R:otherParty","Democratic_Party_(United_States)",,"L:party","Hillary_Clinton","2","0.085893978399300","20159.00000","0.125748200303000","0.020546286957800","325.175100000000000","0.171140743946000","2.397895272800000","41910.000000000000000"
"10149","130","Bernie_Sanders","R:birthPlace","New_York",,"L:birthPlace","Donald_Trump","2","0.053098663705800","680612.00000","0.024698894790700","0.019501658553300","537.415500000000000","0.698511229337000","3.496507561470000","58448.666666700000000"
"10150","130","Bernie_Sanders","R:otherParty","Democratic_Party_(United_States)",,"L:party","Donald_Trump","2","0.092331889212500","20159.00000","0.111160305457000","0.019501658553300","296.167833333000000","0.238082201481000","2.397895272800000","62080.666666700000000"
"10151","130","Bernie_Sanders","R:party","Independent_politician",,"L:party","Donald_Trump","2","0.090788373220400","38796.00000","0.028813406706100","0.019501658553300","125.700500000000000","0.228524286069000","2.803360380910000","56669.000000000000000"
"10152","130","Bernie_Sanders","R:otherParty",,,,"Democratic_Party_(United_States)","1","0.065830206474900","1522.00000","0.160549964373000","0.014486321923100","429.460650000000000","0.156529127022000","3.496507561470000","28779.000000000000000"
"10153","130","Bernie_Sanders","R:predecessor","Patty_Murray",,"R:party","Democratic_Party_(United_States)","2","0.047355058422600","26910.50000","0.112984476287000","0.017830632626000","288.691226667000000","0.460939837560000","2.397895272800000","19330.333333300000000"
"10154","130","Bernie_Sanders","R:successor","Peter_Welch",,"R:party","Democratic_Party_(United_States)","2","0.063391731036000","40761.50000","0.112984476287000","0.017830632626000","287.241606667000000","0.484034367657000","2.397895272800000","19225.666666700000000"
"10155","130","Bernie_Sanders","R:associate","Patrick_Leahy",,"R:party","Democratic_Party_(United_States)","2","0.049331008781200","19672.00000","0.112984476287000","0.017830632626000","291.907833333000000","0.600100203520000","3.496507561470000","19520.000000000000000"
"10156","130","Bernie_Sanders","L:successor","Patty_Murray",,"R:party","Democratic_Party_(United_States)","2","0.047355058422600","40761.50000","0.112984476287000","0.017830632626000","288.691226667000000","0.384146277078000","2.803360380910000","19330.333333300000000"
"10157","130","Bernie_Sanders","L:predecessor","Peter_Welch",,"R:party","Democratic_Party_(United_States)","2","0.063391731036000","26910.50000","0.112984476287000","0.017830632626000","287.241606667000000","0.367650184151000","2.397895272800000","19225.666666700000000"
"10158","130","Bernie_Sanders","L:associate","Patrick_Leahy",,"R:party","Democratic_Party_(United_States)","2","0.049331008781200","19672.00000","0.112984476287000","0.017830632626000","291.907833333000000","0.467050445551000","3.496507561470000","19520.000000000000000"
"10159","130","Bernie_Sanders","R:party","Independent_politician",,"L:politicalPartyInLegislature","United_States_Senate","2","0.060455568558200","19624.00000","0.056051193494200","0.026893460511500","331.280766667000000","0.364325278093000","1.887069649030000","15376.000000000000000"
"10160","130","Bernie_Sanders","R:otherParty","Democratic_Party_(United_States)",,"L:politicalPartyOfLeader","United_States_Senate","2","0.057181584164500","1105.00000","0.138398092245000","0.026893460511500","501.748100000000000","0.181573787346000","3.496507561470000","20787.666666700000000"
"10161","130","Bernie_Sanders","R:otherParty","Democratic_Party_(United_States)",,"L:politicalPartyInLegislature","United_States_Senate","2","0.057181584164500","987.00000","0.138398092245000","0.026893460511500","501.748100000000000","0.284504091708000","2.803360380910000","20787.666666700000000"
"10162","130","Hillary_Clinton","R:otherParty","Republican_Party_(United_States)",,"L:party","Donald_Trump","2","0.077057177197400","20159.00000","0.035074479873100","0.020732849613700","321.959400000000000","0.279366267408000","2.397895272800000","70667.000000000000000"
"10163","130","Hillary_Clinton","R:party","Democratic_Party_(United_States)",,"L:party","Donald_Trump","2","0.085137466915000","38796.00000","0.117714287167000","0.020732849613700","330.291066667000000","0.252693818404000","2.803360380910000","71569.666666700000000"
"10164","130","Hillary_Clinton","R:region","New_York",,"L:birthPlace","Donald_Trump","2","0.052289159147500","368800.00000","0.031252876500700","0.020732849613700","571.538733333000000","0.567150313794000","3.496507561470000","67937.666666700000000"
"10165","130","Hillary_Clinton","R:party",,,,"Democratic_Party_(United_States)","1","0.057426137802600","38796.00000","0.170380936938000","0.016333108513700","480.645500000000000","0.185752360869000","2.803360380910000","43012.500000000000000"
"10166","130","Hillary_Clinton","R:president","Barack_Obama",,"R:party","Democratic_Party_(United_States)","2","0.056346441323600","22302.50000","0.119245549454000","0.018553340418600","483.776333333000000","0.702743886572000","3.496507561470000","42163.333333300000000"
"10167","130","Hillary_Clinton","R:successor","Kirsten_Gillibrand",,"R:party","Democratic_Party_(United_States)","2","0.082838034337100","40761.50000","0.119245549454000","0.019642568278800","324.066166667000000","0.488574735411000","2.397895272800000","29159.666666700000000"
"10168","130","Hillary_Clinton","R:predecessor","Daniel_Patrick_Moynihan",,"R:party","Democratic_Party_(United_States)","2","0.052666716800700","26910.50000","0.119245549454000","0.018553340418600","323.957866667000000","0.515963451033000","2.397895272800000","28877.666666700000000"
"10169","130","Hillary_Clinton","R:spouse","Bill_Clinton",,"R:party","Democratic_Party_(United_States)","2","0.078045277660500","30145.50000","0.119245549454000","0.019642568278800","422.206666667000000","0.461332528889000","3.496507561470000","38239.333333300000000"
"10170","130","Hillary_Clinton","R:predecessor","Condoleezza_Rice",,"R:party","Democratic_Party_(United_States)","2","0.039818777716400","26910.50000","0.119245549454000","0.019642568278800","333.292600000000000","0.465180276351000","2.397895272800000","29888.333333300000000"
"10171","130","Hillary_Clinton","R:deputy","James_Steinberg",,"R:party","Democratic_Party_(United_States)","2","0.053638768587700","19790.50000","0.119245549454000","0.018553340418600","320.995576667000000","0.702743886572000","3.496507561470000","28713.333333300000000"
"10172","130","Hillary_Clinton","R:child","Chelsea_Clinton",,"R:party","Democratic_Party_(United_States)","2","0.081400972710100","23228.00000","0.119245549454000","0.019642568278800","322.303280000000000","0.651960711890000","3.496507561470000","33973.333333300000000"
"10173","130","Hillary_Clinton","R:successor","John_Kerry",,"R:party","Democratic_Party_(United_States)","2","0.040716257699400","40761.50000","0.119245549454000","0.019642568278800","356.019666667000000","0.488574735411000","2.397895272800000","30430.000000000000000"
"10174","130","Hillary_Clinton","L:predecessor","Kirsten_Gillibrand",,"R:party","Democratic_Party_(United_States)","2","0.082838034337100","26910.50000","0.119245549454000","0.019642568278800","324.066166667000000","0.367650184151000","2.397895272800000","29159.666666700000000"
"10175","130","Hillary_Clinton","L:spouse","Presidency_of_Bill_Clinton",,"R:party","Democratic_Party_(United_States)","2","0.067469596871800","30145.50000","0.117714287167000","0.019642568278800","330.380233333000000","0.384146277078000","2.803360380910000","28932.000000000000000"
"10176","130","Hillary_Clinton","L:spouse","Bill_Clinton",,"R:party","Democratic_Party_(United_States)","2","0.078045277660500","30145.50000","0.119245549454000","0.019642568278800","422.206666667000000","0.384146277078000","2.803360380910000","38239.333333300000000"
"10177","130","Hillary_Clinton","L:successor","Condoleezza_Rice",,"R:party","Democratic_Party_(United_States)","2","0.042435372046800","40761.50000","0.119245549454000","0.019642568278800","333.292600000000000","0.334202231788000","2.803360380910000","29888.333333300000000"
"10178","130","Hillary_Clinton","L:predecessor","John_Kerry",,"R:party","Democratic_Party_(United_States)","2","0.040716257699400","26910.50000","0.119245549454000","0.019642568278800","356.019666667000000","0.367650184151000","2.397895272800000","30430.000000000000000"
"10179","130","Hillary_Clinton","L:parent","Chelsea_Clinton",,"R:party","Democratic_Party_(United_States)","2","0.081400972710100","26620.00000","0.119245549454000","0.019642568278800","322.303280000000000","0.450697232511000","3.496507561470000","33973.333333300000000"
"10180","130","Hillary_Clinton","R:otherParty","Republican_Party_(United_States)",,"L:politicalPartyInLegislature","United_States_Senate","2","0.044453464199000","987.00000","0.062312266661200","0.028124651571900","527.539666667000000","0.449022709219000","2.803360380910000","29374.000000000000000"
"10181","130","Hillary_Clinton","R:party","Democratic_Party_(United_States)",,"L:politicalPartyOfLeader","United_States_Senate","2","0.051278422671900","19742.00000","0.144952073955000","0.028124651571900","535.871333333000000","0.196185404269000","2.803360380910000","30276.666666700000000"
"10182","130","Hillary_Clinton","R:party","Democratic_Party_(United_States)",,"L:politicalPartyInLegislature","United_States_Senate","2","0.051278422671900","19624.00000","0.144952073955000","0.028124651571900","535.871333333000000","0.299115708631000","1.887069649030000","30276.666666700000000"
"10183","130","Donald_Trump","R:party",,,,"Democratic_Party_(United_States)","1","0.066147049289600","38796.00000","0.148499094670000","0.014766165906900","437.134600000000000","0.319635275940000","2.803360380910000","73268.500000000000000"
"10184","130","Donald_Trump","R:party","Independent_politician",,"L:politicalPartyInLegislature","United_States_Senate","2","0.062553855375200","19624.00000","0.048017280358800","0.027080023167400","336.396733333000000","0.423572315222000","1.887069649030000","45035.666666700000000"
"10185","130","Donald_Trump","R:party","Democratic_Party_(United_States)",,"L:politicalPartyInLegislature","United_States_Senate","2","0.059094768764200","19624.00000","0.130364179110000","0.027080023167400","506.864066667000000","0.366057166166000","1.887069649030000","50447.333333300000000"
"10186","130","Donald_Trump","R:party","Republican_Party_(United_States)",,"L:politicalPartyInLegislature","United_States_Senate","2","0.050097187133900","19624.00000","0.047724371815800","0.027080023167400","498.532400000000000","0.389716865434000","1.887069649030000","49544.666666700000000"
"10187","130","Donald_Trump","R:party","Democratic_Party_(United_States)",,"L:politicalPartyOfLeader","United_States_Senate","2","0.059094768764200","19742.00000","0.130364179110000","0.027080023167400","506.864066667000000","0.263126861805000","2.803360380910000","50447.333333300000000"
"10188","130","Democratic_Party_(United_States)","L:politicalPartyInLegislature",,,,"United_States_Senate","1","0.010393623321700","452.00000","0.189355774852000","0.025853868844200","745.505000000000000","0.412479056393000","3.496507561470000","11329.000000000000000"
"10189","130","Democratic_Party_(United_States)","L:politicalPartyOfLeader",,,,"United_States_Senate","1","0.010393623321700","688.00000","0.189355774852000","0.025853868844200","745.505000000000000","0.206618447669000","3.496507561470000","11329.000000000000000"
"10190","130","Democratic_Party_(United_States)","L:party","Joe_Biden",,"L:leader","United_States_Senate","2","0.019743522519000","21229.50000","0.136009953312000","0.024900513972300","516.969266667000000","0.754497352698000","3.496507561470000","9844.000000000000000"
"10191","130","Democratic_Party_(United_States)","L:party","Mark_E._Clayton",,"R:occupation","United_States_Senate","2","0.015141217883000","96429.50000","0.130364179110000","0.028592031663500","497.206559667000000","0.383014572029000","2.397895272800000","7555.333333330000000"
"10192","130","Democratic_Party_(United_States)","L:party","William_Luther_Hill",,"R:profession","United_States_Senate","2","0.009771821253470","22285.50000","0.130364179110000","0.028592031663500","497.096117667000000","0.383014572029000","2.397895272800000","7553.666666670000000"
"10193","130","Democratic_Party_(United_States)","L:party","John_Martin_Hamley",,"R:relation","United_States_Senate","2","0.002081089031690","21143.50000","0.130364179110000","0.028592031663500","497.070868333000000","0.382743078122000","2.110213200350000","7552.666666670000000"
"10194","130","Democratic_Party_(United_States)","L:party","Presidency_of_Barack_Obama",,"R:profession","United_States_Senate","2","0.013088493121700","22285.50000","0.130364179110000","0.028592031663500","509.699366667000000","0.383014572029000","2.397895272800000","7811.000000000000000"
"10195","130","Democratic_Party_(United_States)","L:party","Sally_Smith_(politician)",,"R:occupation","United_States_Senate","2","0.009007938858980","96429.50000","0.130364179110000","0.028592031663500","497.097784333000000","0.383014572029000","2.397895272800000","7553.333333330000000"
"10196","130","Democratic_Party_(United_States)","L:politicalPartyInLegislature","Kansas_Legislature",,"R:house","United_States_Senate","2","0.006878339530190","340.50000","0.130364179110000","0.028592031663500","499.363176667000000","0.429067641164000","2.803360380910000","7568.666666670000000"
"10197","130","Democratic_Party_(United_States)","L:party","Frank_Voelker,_Sr.",,"R:relation","United_States_Senate","2","0.008535364180850","21143.50000","0.130364179110000","0.028592031663500","497.093879333000000","0.382743078122000","2.110213200350000","7552.666666670000000"
"10198","130","Democratic_Party_(United_States)","L:party","Claiborne_Pell",,"R:profession","United_States_Senate","2","0.009345612429580","22285.50000","0.130364179110000","0.028592031663500","498.692083333000000","0.383014572029000","2.397895272800000","7581.000000000000000"
"10199","130","Democratic_Party_(United_States)","L:party","Francis_Xavier_Ransdell",,"R:relation","United_States_Senate","2","0.008897809935900","21143.50000","0.130364179110000","0.028592031663500","497.097927333000000","0.382743078122000","2.110213200350000","7552.666666670000000"
"10200","130","Democratic_Party_(United_States)","L:party","Pete_Ashdown",,"R:knownFor","United_States_Senate","2","0.025384758543500","31057.50000","0.130364179110000","0.028592031663500","497.134760667000000","0.403256555228000","3.496507561470000","7556.666666670000000"
"10201","130","Democratic_Party_(United_States)","L:party","LaDonna_Harris",,"R:spouse","United_States_Senate","2","0.010913735012900","30145.50000","0.130364179110000","0.028592031663500","497.431560000000000","0.324213422730000","2.803360380910000","7567.666666670000000"
"10202","130","Democratic_Party_(United_States)","L:party","Emily_Taft_Douglas",,"R:spouse","United_States_Senate","2","0.011608621686200","30145.50000","0.130364179110000","0.028592031663500","497.181579000000000","0.324213422730000","2.803360380910000","7555.333333330000000"
"10203","130","Democratic_Party_(United_States)","L:party","George_Arceneaux,_Jr.",,"R:occupation","United_States_Senate","2","0.009707628328630","96429.50000","0.130364179110000","0.028592031663500","497.169850333000000","0.383014572029000","2.397895272800000","7552.666666670000000"
"10204","130","Democratic_Party_(United_States)","L:party","Frank_Voelker,_Jr.",,"R:relation","United_States_Senate","2","0.009476621481130","21143.50000","0.130364179110000","0.028592031663500","497.126893000000000","0.382743078122000","2.110213200350000","7552.666666670000000"
"10205","130","Democratic_Party_(United_States)","L:politicalPartyInLegislature","United_States_Congress",,"R:house","United_States_Senate","2","0.022984964730300","340.50000","0.130364179110000","0.036256633073000","715.357666667000000","0.312598716889000","2.803360380910000","8959.333333330000000"
"10206","130","Democratic_Party_(United_States)","L:politicalPartyOfLeader","United_States_Congress",,"R:house","United_States_Senate","2","0.022984964730300","458.50000","0.130364179110000","0.036256633073000","715.357666667000000","0.342798788179000","3.496507561470000","8959.333333330000000"
"11219","133","Matteo_Renzi","R:birthPlace",,,,"Italy","1","0.086450281655000","680612.00000","0.269461151724000","0.014239333888000","1242.756745000000000","0.226363945176000","3.465735902800000","5266.000000000000000"
"11220","133","Matteo_Renzi","L:leader",,,,"Italy","1","0.086450281655000","3663.00000","0.269461151724000","0.014239333888000","1242.756745000000000","0.859588051378000","3.465735902800000","5266.000000000000000"
"11221","133","Matteo_Renzi","R:deputy","Lorenzo_Guerini",,"R:birthPlace","Italy","2","0.090719452332000","340698.50000","0.188020617533000","0.015817857305600","828.602156667000000","0.776194707913000","3.465735902800000","3514.000000000000000"
"11222","133","Matteo_Renzi","R:president","Sergio_Mattarella",,"R:birthPlace","Italy","2","0.078235973204500","343210.50000","0.232330209073000","0.017659849217800","829.887513333000000","0.439691189279000","3.465735902800000","3656.000000000000000"
"11223","133","Matteo_Renzi","R:predecessor","Leonardo_Domenici",,"R:birthPlace","Italy","2","0.087400814983500","347818.50000","0.188020617533000","0.023984817264800","828.599956333000000","0.552210274357000","3.465735902800000","3512.000000000000000"
"11224","133","Matteo_Renzi","R:almaMater","University_of_Florence",,"R:country","Italy","2","0.077195392942500","341962.00000","0.188020617533000","0.015817857305600","831.468566667000000","0.761810142276000","3.465735902800000","3540.000000000000000"
"11225","133","Matteo_Renzi","R:birthPlace","Florence",,"R:country","Italy","2","0.055780397877000","657519.00000","0.188020617533000","0.015817857305600","924.451496667000000","0.485272435299000","2.772588722240000","4374.333333330000000"
"11226","133","Matteo_Renzi","R:predecessor","Province_of_Florence",,"R:country","Italy","2","0.073221310713300","324725.50000","0.195326496487000","0.015817857305600","831.753493333000000","0.486406113463000","3.465735902800000","3530.333333330000000"
"11227","133","Matteo_Renzi","R:successor","Province_of_Florence",,"R:country","Italy","2","0.073221310713300","338576.50000","0.195326496487000","0.015817857305600","831.753493333000000","0.486406113463000","3.465735902800000","3530.333333330000000"
"11228","133","Matteo_Renzi","R:birthPlace","Tuscany",,"R:country","Italy","2","0.054358254884600","657519.00000","0.188020617533000","0.015817857305600","871.650496667000000","0.485272435299000","2.772588722240000","4036.000000000000000"
"11229","133","Matteo_Renzi","R:successor","Dario_Nardella",,"R:nationality","Italy","2","0.080354438811600","70033.50000","0.188020617533000","0.017659849217800","828.769305333000000","0.654105540728000","3.465735902800000","3516.000000000000000"
"11230","133","Matteo_Renzi","R:predecessor","Leonardo_Domenici",,"R:nationality","Italy","2","0.087400814983500","56182.50000","0.188020617533000","0.023984817264800","828.599956333000000","0.586686870031000","3.465735902800000","3512.000000000000000"
"11231","133","Matteo_Renzi","R:president","Sergio_Mattarella",,"L:leader","Italy","2","0.078235973204500","4736.00000","0.232330209073000","0.017659849217800","829.887513333000000","0.894629750123000","3.465735902800000","3656.000000000000000"
"11232","133","Matteo_Renzi","L:primeMinister","Sergio_Mattarella",,"L:leader","Italy","2","0.078235973204500","3680.50000","0.232330209073000","0.017659849217800","829.887513333000000","0.860765062613000","3.465735902800000","3656.000000000000000"
"11233","133","Matteo_Renzi","L:primeMinister","Federica_Mogherini",,"R:birthPlace","Italy","2","0.087330845875700","342155.00000","0.180714738580000","0.017659849217800","830.578050000000000","0.405826501769000","1.386294361120000","3622.000000000000000"
"11234","133","Matteo_Renzi","L:primeMinister","Sergio_Mattarella",,"R:birthPlace","Italy","2","0.078235973204500","342155.00000","0.232330209073000","0.017659849217800","829.887513333000000","0.405826501769000","1.386294361120000","3656.000000000000000"
"11235","133","Matteo_Renzi","L:primeMinister","Lapo_Pistelli",,"R:birthPlace","Italy","2","0.075474985499200","342155.00000","0.180714738580000","0.017659849217800","828.641374333000000","0.405826501769000","1.386294361120000","3512.333333330000000"
"11236","133","Matteo_Renzi","L:successor","Leonardo_Domenici",,"R:birthPlace","Italy","2","0.087400814983500","361669.50000","0.188020617533000","0.023984817264800","828.599956333000000","0.262316868453000","3.465735902800000","3512.000000000000000"
"11237","133","Matteo_Renzi","L:primeMinister","Dario_Franceschini",,"R:birthPlace","Italy","2","0.090551377708600","342155.00000","0.180714738580000","0.017659849217800","828.957703333000000","0.405826501769000","1.386294361120000","3520.666666670000000"
"11238","133","Matteo_Renzi","L:primeMinister","Roberta_Pinotti",,"R:birthPlace","Italy","2","0.083731017643100","342155.00000","0.180714738580000","0.017659849217800","828.764198667000000","0.405826501769000","1.386294361120000","3530.666666670000000"
"11239","133","Matteo_Renzi","L:primeMinister","Paolo_Gentiloni",,"R:birthPlace","Italy","2","0.081351049785200","342155.00000","0.180714738580000","0.017659849217800","828.808107333000000","0.405826501769000","1.386294361120000","3526.000000000000000"
"11240","133","Matteo_Renzi","L:primeMinister","Angelino_Alfano",,"R:birthPlace","Italy","2","0.077446288505500","342155.00000","0.180714738580000","0.017659849217800","829.236176667000000","0.405826501769000","1.386294361120000","3528.333333330000000"
"11241","133","Matteo_Renzi","L:firstLeader","European_Parliament_election,_2014_(Italy)",,"R:country","Italy","2","0.050325789912900","317631.00000","0.180714738580000","0.017659849217800","829.334680000000000","0.391634797104000","2.079441541680000","3528.333333330000000"
"11242","133","Matteo_Renzi","L:firstLeader","Italian_local_elections,_2014",,"R:country","Italy","2","0.074686444708200","317631.00000","0.180714738580000","0.017659849217800","828.570904667000000","0.391634797104000","2.079441541680000","3512.333333330000000"
"11243","133","Matteo_Renzi","L:tenant","Palazzo_Chigi",,"R:country","Italy","2","0.050313783339200","320179.50000","0.180714738580000","0.017659849217800","829.861830000000000","0.414564259898000","3.465735902800000","3537.333333330000000"
"11244","133","Matteo_Renzi","L:predecessor","Dario_Nardella",,"R:nationality","Italy","2","0.080354438811600","56182.50000","0.188020617533000","0.017659849217800","828.769305333000000","0.424293669726000","3.465735902800000","3516.000000000000000"
"11245","133","Matteo_Renzi","L:successor","Leonardo_Domenici",,"R:nationality","Italy","2","0.087400814983500","70033.50000","0.188020617533000","0.023984817264800","828.599956333000000","0.296793464128000","3.465735902800000","3512.000000000000000"
"11246","133","Matteo_Renzi","L:primeMinister","Andrea_Orlando",,"R:birthPlace","Italy","2","0.082693606025800","342155.00000","0.180714738580000","0.017659849217800","828.716802000000000","0.405826501769000","1.386294361120000","3515.666666670000000"
"11247","133","Matteo_Renzi","L:firstLeader","Italian_local_elections,_2015",,"R:country","Italy","2","0.074609400269700","317631.00000","0.180714738580000","0.017659849217800","828.554749667000000","0.391634797104000","2.079441541680000","3515.000000000000000"
"11248","133","Matteo_Renzi","L:firstLeader","Next_Italian_general_election",,"R:country","Italy","2","0.070939060287000","317631.00000","0.180714738580000","0.017659849217800","828.740459667000000","0.391634797104000","2.079441541680000","3612.666666670000000"
"11249","133","Europe","L:countryOrigin","Vega_(rocket)",,"R:countryOrigin","Italy","2","0.040086037871500","147.00000","0.106653395088000","0.010759763549400","1397.092636670000000","0.845622755305000","3.465735902800000","6152.000000000000000"
"11250","133","Europe","L:location","Mont_Blanc_Tunnel",,"R:routeEndLocation","Italy","2","0.028664129446800","83493.00000","0.106653395088000","0.010759763549400","1396.339530000000000","0.523177241850000","3.465735902800000","6184.666666670000000"
"11251","133","Europe","L:broadcastArea","Mediaset_Italia",,"R:country","Italy","2","0.049131770144800","320341.50000","0.106653395088000","0.017084731596400","1395.229169670000000","0.286043008218000","2.079441541680000","6093.333333330000000"
"11252","133","Europe","L:hometown","MullMuzzler",,"R:hometown","Italy","2","0.040992115087200","50454.00000","0.106653395088000","0.010759763549400","1395.511760000000000","0.845622755305000","3.465735902800000","6105.333333330000000"
"11253","133","Europe","L:broadcastArea","Mediaset_Italia",,"R:locationCountry","Italy","2","0.049131770144800","10454.00000","0.106653395088000","0.017084731596400","1395.229169670000000","0.298993794437000","2.079441541680000","6093.333333330000000"
"11254","133","Europe","L:broadcastArea","TV2000",,"R:country","Italy","2","0.054824995641900","320341.50000","0.106653395088000","0.017084731596400","1395.464116670000000","0.286043008218000","2.079441541680000","6096.000000000000000"
"11255","133","Europe","L:broadcastArea","Telepace",,"R:country","Italy","2","0.054713261325600","320341.50000","0.106653395088000","0.017084731596400","1395.284352670000000","0.286043008218000","2.079441541680000","6094.000000000000000"
"11256","133","Europe","L:regionServed","Foundation_for_subsidiarity",,"R:locationCountry","Italy","2","0.050327104514400","10465.50000","0.106653395088000","0.010759763549400","1395.285124670000000","0.428794885633000","2.772588722240000","6093.333333330000000"
"11257","133","Europe","L:broadcastArea","TV2000",,"R:locationCountry","Italy","2","0.054824995641900","10454.00000","0.106653395088000","0.017084731596400","1395.464116670000000","0.298993794437000","2.079441541680000","6096.000000000000000"
"11258","133","Europe","L:broadcastArea","Telepace",,"R:locationCountry","Italy","2","0.054713261325600","10454.00000","0.106653395088000","0.017084731596400","1395.284352670000000","0.298993794437000","2.079441541680000","6094.000000000000000"
"11259","133","Europe","L:country","AXN_Sci_Fi",,"R:broadcastArea","Italy","2","0.046535096863500","320341.50000","0.106653395088000","0.013218888580500","1395.469747000000000","0.203987447200000","3.465735902800000","6096.333333330000000"
"11260","133","Europe","L:locationCountry","AXN_Sci_Fi",,"R:broadcastArea","Italy","2","0.046535096863500","10454.00000","0.106653395088000","0.013218888580500","1395.469747000000000","0.216057704474000","3.465735902800000","6096.333333330000000"
"11261","133","Europe","L:region","Lucilio_Vanini",,"R:birthPlace","Italy","2","0.036051908122700","368800.00000","0.106653395088000","0.010759763549400","1395.443673670000000","0.423698871843000","3.465735902800000","6100.666666670000000"
"11262","133","Europe","L:regionServed","Olivetti",,"R:foundationPlace","Italy","2","0.050222062371800","6678.50000","0.106653395088000","0.017084731596400","1397.829110000000000","0.360118536198000","3.465735902800000","6165.666666670000000"
"11263","133","Europe","L:regionServed","Olivetti",,"R:locationCountry","Italy","2","0.050222062371800","10465.50000","0.106653395088000","0.017084731596400","1397.829110000000000","0.316627046088000","2.772588722240000","6165.666666670000000"
"11264","133","Europe","L:populationPlace","Swiss_people",,"R:populationPlace","Italy","2","0.041226059630500","3312.00000","0.106653395088000","0.010759763549400","1403.843600000000000","0.845622755305000","3.465735902800000","6199.333333330000000"
"11265","133","Europe","L:broadcastArea","Video_Italia",,"R:broadcastArea","Italy","2","0.051463114653600","6257.00000","0.106653395088000","0.023409699643400","1395.221950000000000","0.374875962369000","3.465735902800000","6094.000000000000000"
"11266","133","Europe","L:broadcastArea","Video_Italia",,"R:country","Italy","2","0.051463114653600","320341.50000","0.106653395088000","0.023409699643400","1395.221950000000000","0.318686666015000","2.079441541680000","6094.000000000000000"
"11267","133","Europe","L:broadcastArea","Video_Italia",,"R:locationCountry","Italy","2","0.051463114653600","10454.00000","0.106653395088000","0.023409699643400","1395.221950000000000","0.324157828429000","2.079441541680000","6094.000000000000000"
"11268","133","Europe","L:country","National_Observatory_of_Outsider_Art",,"R:state","Italy","2","0.044488666685500","330970.50000","0.106653395088000","0.010759763549400","1395.230091330000000","0.346636158632000","2.772588722240000","6092.666666670000000"
"11269","133","Europe","L:country","Academy_of_Fine_Arts,_Verona",,"R:state","Italy","2","0.029461506490600","330970.50000","0.106653395088000","0.010759763549400","1395.877376670000000","0.346636158632000","2.772588722240000","6094.666666670000000"
"12611","139","Bernie_Sanders","R:birthPlace","New_York",,"L:region","Hillary_Clinton","2","0.084238874380000","368800.00000","0.020942482780800","0.012887255412200","566.422766667000000","0.297039402145000","3.912023005430000","16121.666666700000000"
"12612","139","Bernie_Sanders","R:otherParty","Democratic_Party_(United_States)",,"L:party","Hillary_Clinton","2","0.117268272606000","20159.00000","0.091088092262300","0.012887255412200","325.175100000000000","0.200265033731000","2.813410716760000","15750.666666700000000"
"12613","139","Bernie_Sanders","R:birthPlace","New_York",,"L:birthPlace","Donald_Trump","2","0.102846102254000","680612.00000","0.012910503369700","0.012565959452600","537.415500000000000","0.354007811535000","3.912023005430000","32127.333333300000000"
"12614","139","Bernie_Sanders","R:otherParty","Democratic_Party_(United_States)",,"L:party","Donald_Trump","2","0.148468173864000","20159.00000","0.083056112851100","0.012565959452600","296.167833333000000","0.269005816657000","2.813410716760000","31756.333333300000000"
"12615","139","Bernie_Sanders","R:party","Independent_politician",,"L:party","Donald_Trump","2","0.135376910110000","38796.00000","0.015505843956300","0.012565959452600","125.700500000000000","0.226271743798000","3.218875824870000","29885.666666700000000"
"12616","139","Bernie_Sanders","R:otherParty",,,,"Democratic_Party_(United_States)","1","0.072447146464100","1522.00000","0.121093096191000","0.011416985116500","429.460650000000000","0.199217774608000","3.912023005430000","10848.500000000000000"
"12617","139","Bernie_Sanders","R:predecessor","Patty_Murray",,"R:party","Democratic_Party_(United_States)","2","0.053002460607800","26910.50000","0.083688388157700","0.012128998010700","288.691226667000000","0.538281574605000","2.813410716760000","7340.666666670000000"
"12618","139","Bernie_Sanders","R:successor","Peter_Welch",,"R:party","Democratic_Party_(United_States)","2","0.070619675010400","40761.50000","0.083688388157700","0.014553140423400","287.241606667000000","0.503814305795000","2.813410716760000","7266.000000000000000"
"12619","139","Bernie_Sanders","R:associate","Patrick_Leahy",,"R:party","Democratic_Party_(United_States)","2","0.064277566795200","19672.00000","0.083688388157700","0.014553140423400","291.907833333000000","0.636347987661000","3.912023005430000","7475.333333330000000"
"12620","139","Bernie_Sanders","L:successor","Patty_Murray",,"R:party","Democratic_Party_(United_States)","2","0.053002460607800","40761.50000","0.083688388157700","0.012128998010700","288.691226667000000","0.483261464949000","3.218875824870000","7340.666666670000000"
"12621","139","Bernie_Sanders","L:predecessor","Peter_Welch",,"R:party","Democratic_Party_(United_States)","2","0.070619675010400","26910.50000","0.083688388157700","0.014553140423400","287.241606667000000","0.314795558566000","2.813410716760000","7266.000000000000000"
"12622","139","Bernie_Sanders","L:associate","Patrick_Leahy",,"R:party","Democratic_Party_(United_States)","2","0.064277566795200","19672.00000","0.083688388157700","0.014553140423400","291.907833333000000","0.394138815034000","3.912023005430000","7475.333333330000000"
"12623","139","Bernie_Sanders","R:party","Independent_politician",,"L:politicalPartyInLegislature","United_States_Senate","2","0.063187781993500","19624.00000","0.031913453795800","0.016682984875000","331.280766667000000","0.415672711405000","2.302585092990000","6713.666666670000000"
"12624","139","Bernie_Sanders","R:otherParty","Democratic_Party_(United_States)",,"L:politicalPartyOfLeader","United_States_Senate","2","0.064277138782700","1105.00000","0.099463722690600","0.016682984875000","501.748100000000000","0.207783510267000","3.912023005430000","8584.333333330000000"
"12625","139","Bernie_Sanders","R:otherParty","Democratic_Party_(United_States)",,"L:politicalPartyInLegislature","United_States_Senate","2","0.064277138782700","987.00000","0.099463722690600","0.016682984875000","501.748100000000000","0.334527059622000","3.218875824870000","8584.333333330000000"
"12626","139","Bernie_Sanders","R:region",,,,"Vermont","1","0.067258283572000","56988.00000","0.059901939770700","0.011516345514900","130.411650000000000","0.200919059778000","3.912023005430000","8730.000000000000000"
"12627","139","Bernie_Sanders","R:otherParty","Liberty_Union_Party",,"R:headquarter","Vermont","2","0.063156244801900","5390.50000","0.042894283877700","0.010101706089300","87.413530000000000","1.059085936430000","3.912023005430000","5886.000000000000000"
"12628","139","Bernie_Sanders","R:predecessor","Jim_Jeffords",,"R:birthPlace","Vermont","2","0.065186335574500","347818.50000","0.042894283877700","0.012817751225600","88.890110000000000","0.582692817435000","3.912023005430000","5875.000000000000000"
"12629","139","Bernie_Sanders","R:associate","Patrick_Leahy",,"R:birthPlace","Vermont","2","0.063787166157700","340580.00000","0.042894283877700","0.014619380689000","92.541833333300000","0.697944426223000","3.912023005430000","6063.000000000000000"
"12630","139","Bernie_Sanders","R:predecessor","Jim_Jeffords",,"R:region","Vermont","2","0.065186335574500","36006.50000","0.042894283877700","0.012817751225600","88.890110000000000","0.566878775801000","3.912023005430000","5875.000000000000000"
"12631","139","Bernie_Sanders","R:successor","Peter_Welch",,"R:region","Vermont","2","0.068039036671300","49857.50000","0.042894283877700","0.014619380689000","87.875606666700000","0.549596702722000","3.912023005430000","5853.666666670000000"
"12632","139","Bernie_Sanders","L:successor","Jim_Jeffords",,"R:birthPlace","Vermont","2","0.065186335574500","361669.50000","0.042894283877700","0.012817751225600","88.890110000000000","0.471065652913000","3.912023005430000","5875.000000000000000"
"12633","139","Bernie_Sanders","L:associate","Patrick_Leahy",,"R:birthPlace","Vermont","2","0.063787166157700","340580.00000","0.042894283877700","0.014619380689000","92.541833333300000","0.455735253595000","3.912023005430000","6063.000000000000000"
"12634","139","Bernie_Sanders","L:predecessor","Peter_Welch",,"R:region","Vermont","2","0.068039036671300","36006.50000","0.042894283877700","0.014619380689000","87.875606666700000","0.360577955494000","3.912023005430000","5853.666666670000000"
"12635","139","Bernie_Sanders","L:successor","Jim_Jeffords",,"R:region","Vermont","2","0.065186335574500","49857.50000","0.042894283877700","0.012817751225600","88.890110000000000","0.455251611280000","3.912023005430000","5875.000000000000000"
"12636","139","Hillary_Clinton","R:otherParty","Republican_Party_(United_States)",,"L:party","Donald_Trump","2","0.146072526467000","20159.00000","0.019686983493100","0.010230568042800","321.959400000000000","0.284578700633000","2.813410716760000","35342.000000000000000"
"12637","139","Hillary_Clinton","R:party","Democratic_Party_(United_States)",,"L:party","Donald_Trump","2","0.157274463684000","38796.00000","0.087092592594000","0.010230568042800","330.291066667000000","0.270053075780000","3.218875824870000","35295.333333300000000"
"12638","139","Hillary_Clinton","R:region","New_York",,"L:birthPlace","Donald_Trump","2","0.116546065158000","368800.00000","0.016946983112500","0.010230568042800","571.538733333000000","0.326056435878000","3.912023005430000","35666.333333300000000"
"12639","139","Hillary_Clinton","R:party",,,,"Democratic_Party_(United_States)","1","0.094691568946700","38796.00000","0.127147815805000","0.007913898001830","480.645500000000000","0.201312292855000","3.218875824870000","16157.000000000000000"
"12640","139","Hillary_Clinton","R:president","Barack_Obama",,"R:party","Democratic_Party_(United_States)","2","0.101103478999000","22302.50000","0.087869527694500","0.009501703877420","483.776333333000000","0.773869876555000","3.912023005430000","19773.000000000000000"
"12641","139","Hillary_Clinton","R:successor","Kirsten_Gillibrand",,"R:party","Democratic_Party_(United_States)","2","0.097502752878400","40761.50000","0.087869527694500","0.009841357854970","324.066166667000000","0.539868519815000","2.813410716760000","11021.000000000000000"
"12642","139","Hillary_Clinton","R:predecessor","Daniel_Patrick_Moynihan",,"R:party","Democratic_Party_(United_States)","2","0.086606166851200","26910.50000","0.087869527694500","0.009501703877420","323.957866667000000","0.571897960034000","2.813410716760000","10891.666666700000000"
"12643","139","Hillary_Clinton","R:spouse","Bill_Clinton",,"R:party","Democratic_Party_(United_States)","2","0.126934753799000","30145.50000","0.087869527694500","0.009841357854970","422.206666667000000","0.533009913186000","3.912023005430000","15226.333333300000000"
"12644","139","Hillary_Clinton","R:predecessor","Condoleezza_Rice",,"R:party","Democratic_Party_(United_States)","2","0.066664352567400","26910.50000","0.087869527694500","0.009841357854970","333.292600000000000","0.520342372839000","2.813410716760000","12212.666666700000000"
"12645","139","Hillary_Clinton","R:deputy","James_Steinberg",,"R:party","Democratic_Party_(United_States)","2","0.089070669416100","19790.50000","0.087869527694500","0.009501703877420","320.995576667000000","0.773869876555000","3.912023005430000","10796.000000000000000"
"12646","139","Hillary_Clinton","R:child","Chelsea_Clinton",,"R:party","Democratic_Party_(United_States)","2","0.126528092133000","23228.00000","0.087869527694500","0.009841357854970","322.303280000000000","0.722314289361000","3.912023005430000","12083.333333300000000"
"12647","139","Hillary_Clinton","R:successor","John_Kerry",,"R:party","Democratic_Party_(United_States)","2","0.076464144310800","40761.50000","0.087869527694500","0.009841357854970","356.019666667000000","0.539868519815000","2.813410716760000","12147.000000000000000"
"12648","139","Hillary_Clinton","L:predecessor","Kirsten_Gillibrand",,"R:party","Democratic_Party_(United_States)","2","0.097502752878400","26910.50000","0.087869527694500","0.009841357854970","324.066166667000000","0.412707162244000","2.813410716760000","11021.000000000000000"
"12649","139","Hillary_Clinton","L:spouse","Presidency_of_Bill_Clinton",,"R:party","Democratic_Party_(United_States)","2","0.109398090811000","30145.50000","0.087092592594000","0.009841357854970","330.380233333000000","0.443150503010000","3.218875824870000","10883.333333300000000"
"12650","139","Hillary_Clinton","L:spouse","Bill_Clinton",,"R:party","Democratic_Party_(United_States)","2","0.126934753799000","30145.50000","0.087869527694500","0.009841357854970","422.206666667000000","0.443150503010000","3.218875824870000","15226.333333300000000"
"12651","139","Hillary_Clinton","L:successor","Condoleezza_Rice",,"R:party","Democratic_Party_(United_States)","2","0.069699355716700","40761.50000","0.087869527694500","0.009841357854970","333.292600000000000","0.370047355218000","3.218875824870000","12212.666666700000000"
"12652","139","Hillary_Clinton","L:predecessor","John_Kerry",,"R:party","Democratic_Party_(United_States)","2","0.076464144310800","26910.50000","0.087869527694500","0.009841357854970","356.019666667000000","0.412707162244000","2.813410716760000","12147.000000000000000"
"12653","139","Hillary_Clinton","L:parent","Chelsea_Clinton",,"R:party","Democratic_Party_(United_States)","2","0.126528092133000","26620.00000","0.087869527694500","0.009841357854970","322.303280000000000","0.499739230282000","3.912023005430000","12083.333333300000000"
"12654","139","Hillary_Clinton","R:otherParty","Republican_Party_(United_States)",,"L:politicalPartyInLegislature","United_States_Senate","2","0.079170195417500","987.00000","0.036094593332500","0.014347593465200","527.539666667000000","0.508350059704000","3.218875824870000","12170.000000000000000"
"12655","139","Hillary_Clinton","R:party","Democratic_Party_(United_States)",,"L:politicalPartyOfLeader","United_States_Senate","2","0.087194825921000","19742.00000","0.103500202433000","0.014347593465200","535.871333333000000","0.208830769390000","3.218875824870000","12123.333333300000000"
"12656","139","Hillary_Clinton","R:party","Democratic_Party_(United_States)",,"L:politicalPartyInLegislature","United_States_Senate","2","0.087194825921000","19624.00000","0.103500202433000","0.014347593465200","535.871333333000000","0.335574318745000","2.302585092990000","12123.333333300000000"
"12657","139","Hillary_Clinton","R:birthPlace","United_States",,"L:country","Vermont","2","0.078852131404500","657519.00000","0.077325786798200","0.005342172266840","3908.531000000000000","0.923141754360000","3.912023005430000","23816.666666700000000"
"12658","139","Donald_Trump","R:party",,,,"Democratic_Party_(United_States)","1","0.133009851347000","38796.00000","0.115099846688000","0.007431954062370","437.134600000000000","0.338793858706000","3.218875824870000","40165.500000000000000"
"12659","139","Donald_Trump","R:party","Independent_politician",,"L:politicalPartyInLegislature","United_States_Senate","2","0.111964003233000","19624.00000","0.027917954127500","0.014026297505600","336.396733333000000","0.481549295042000","2.302585092990000","26258.333333300000000"
"12660","139","Donald_Trump","R:party","Democratic_Party_(United_States)",,"L:politicalPartyInLegislature","United_States_Senate","2","0.121434401583000","19624.00000","0.095468223022300","0.014026297505600","506.864066667000000","0.404315101671000","2.302585092990000","28129.000000000000000"
"12661","139","Donald_Trump","R:party","Republican_Party_(United_States)",,"L:politicalPartyInLegislature","United_States_Senate","2","0.107952440600000","19624.00000","0.028062613921400","0.014026297505600","498.532400000000000","0.447178903579000","2.302585092990000","28175.666666700000000"
"12662","139","Donald_Trump","R:party","Democratic_Party_(United_States)",,"L:politicalPartyOfLeader","United_States_Senate","2","0.121434401583000","19742.00000","0.095468223022300","0.014026297505600","506.864066667000000","0.277571552316000","3.218875824870000","28129.000000000000000"
"12663","139","Democratic_Party_(United_States)","L:politicalPartyInLegislature",,,,"United_States_Senate","1","0.019854574992700","452.00000","0.139711261448000","0.013607492196000","745.505000000000000","0.469836344636000","3.912023005430000","5407.500000000000000"
"12664","139","Democratic_Party_(United_States)","L:politicalPartyOfLeader",,,,"United_States_Senate","1","0.019854574992700","688.00000","0.139711261448000","0.013607492196000","745.505000000000000","0.216349245926000","3.912023005430000","5407.500000000000000"
"12665","139","Democratic_Party_(United_States)","L:party","Joe_Biden",,"L:leader","United_States_Senate","2","0.027963831971200","21229.50000","0.098840498709500","0.013297433340200","516.969266667000000","0.836190893097000","3.912023005430000","5470.333333330000000"
"12666","139","Democratic_Party_(United_States)","L:party","Mark_E._Clayton",,"R:occupation","United_States_Senate","2","0.024309511833400","96429.50000","0.095468223022300","0.014380777698700","497.206559667000000","0.431367993724000","2.813410716760000","3607.333333330000000"
"12667","139","Democratic_Party_(United_States)","L:party","William_Luther_Hill",,"R:profession","United_States_Senate","2","0.020061461162400","22285.50000","0.095468223022300","0.014380777698700","497.096117667000000","0.428862767581000","2.813410716760000","3605.666666670000000"
"12668","139","Democratic_Party_(United_States)","L:party","John_Martin_Hamley",,"R:relation","United_States_Senate","2","0.005166020947530","21143.50000","0.095468223022300","0.014380777698700","497.070868333000000","0.431367993724000","2.525728644310000","3605.000000000000000"
"12669","139","Democratic_Party_(United_States)","L:party","Presidency_of_Barack_Obama",,"R:profession","United_States_Senate","2","0.052281668099900","22285.50000","0.095468223022300","0.014380777698700","509.699366667000000","0.428862767581000","2.813410716760000","3829.333333330000000"
"12670","139","Democratic_Party_(United_States)","L:party","Sally_Smith_(politician)",,"R:occupation","United_States_Senate","2","0.018644843514300","96429.50000","0.095468223022300","0.014380777698700","497.097784333000000","0.431367993724000","2.813410716760000","3605.666666670000000"
"12671","139","Democratic_Party_(United_States)","L:politicalPartyInLegislature","Kansas_Legislature",,"R:house","United_States_Senate","2","0.036079780554500","340.50000","0.095468223022300","0.014380777698700","499.363176667000000","0.485801060043000","3.218875824870000","3615.000000000000000"
"12672","139","Democratic_Party_(United_States)","L:party","Frank_Voelker,_Sr.",,"R:relation","United_States_Senate","2","0.017434382388300","21143.50000","0.095468223022300","0.014380777698700","497.093879333000000","0.431367993724000","2.525728644310000","3605.000000000000000"
"12673","139","Democratic_Party_(United_States)","L:party","Claiborne_Pell",,"R:profession","United_States_Senate","2","0.019515391127000","22285.50000","0.095468223022300","0.014380777698700","498.692083333000000","0.428862767581000","2.813410716760000","3628.333333330000000"
"12674","139","Democratic_Party_(United_States)","L:party","Francis_Xavier_Ransdell",,"R:relation","United_States_Senate","2","0.018599780058800","21143.50000","0.095468223022300","0.014380777698700","497.097927333000000","0.431367993724000","2.525728644310000","3605.000000000000000"
"12675","139","Democratic_Party_(United_States)","L:party","Pete_Ashdown",,"R:knownFor","United_States_Senate","2","0.025270598105000","31057.50000","0.095468223022300","0.014380777698700","497.134760667000000","0.444095465512000","3.912023005430000","3607.000000000000000"
"12676","139","Democratic_Party_(United_States)","L:party","LaDonna_Harris",,"R:spouse","United_States_Senate","2","0.019740372886000","30145.50000","0.095468223022300","0.014380777698700","497.431560000000000","0.368267661197000","3.218875824870000","3619.666666670000000"
"12677","139","Democratic_Party_(United_States)","L:party","Emily_Taft_Douglas",,"R:spouse","United_States_Senate","2","0.035920927630100","30145.50000","0.095468223022300","0.014380777698700","497.181579000000000","0.368267661197000","3.218875824870000","3606.333333330000000"
"12678","139","Democratic_Party_(United_States)","L:party","George_Arceneaux,_Jr.",,"R:occupation","United_States_Senate","2","0.017941008867300","96429.50000","0.095468223022300","0.014380777698700","497.169850333000000","0.431367993724000","2.813410716760000","3605.333333330000000"
"12679","139","Democratic_Party_(United_States)","L:party","Frank_Voelker,_Jr.",,"R:relation","United_States_Senate","2","0.018196974677700","21143.50000","0.095468223022300","0.014380777698700","497.126893000000000","0.431367993724000","2.525728644310000","3605.333333330000000"
"12680","139","Democratic_Party_(United_States)","L:politicalPartyInLegislature","United_States_Congress",,"R:house","United_States_Senate","2","0.015992425939200","340.50000","0.095468223022300","0.018606549574900","715.357666667000000","0.349407679447000","3.218875824870000","5037.000000000000000"
"12681","139","Democratic_Party_(United_States)","L:politicalPartyOfLeader","United_States_Congress",,"R:house","United_States_Senate","2","0.015992425939200","458.50000","0.095468223022300","0.018606549574900","715.357666667000000","0.379703853330000","3.912023005430000","5037.000000000000000"
"12682","139","Democratic_Party_(United_States)","L:party","George_W._Cate",,"R:birthPlace","Vermont","2","0.015042333051800","359704.00000","0.110344975914000","0.006716154554530","363.918307000000000","0.366469954821000","1.203972804330000","3094.000000000000000"
"12683","139","Democratic_Party_(United_States)","L:otherParty","Bernie_Sanders",,"R:region","Vermont","2","0.066744437296600","29255.00000","0.114340475582000","0.007677563676620","368.503433333000000","0.200068417193000","3.912023005430000","8073.000000000000000"
"12684","139","Democratic_Party_(United_States)","L:party","William_Sorrell",,"R:birthPlace","Vermont","2","0.034652059963600","359704.00000","0.110344975914000","0.006716154554530","363.921379333000000","0.366469954821000","1.203972804330000","3096.666666670000000"
"12685","139","Democratic_Party_(United_States)","L:party","John_F._Campbell",,"R:region","Vermont","2","0.034400634474000","47892.00000","0.110344975914000","0.006716154554530","364.092660000000000","0.369653078006000","2.525728644310000","3094.000000000000000"
"12686","139","Democratic_Party_(United_States)","L:party","Origen_D._Richardson",,"R:birthPlace","Vermont","2","0.031176476706100","359704.00000","0.110344975914000","0.006716154554530","363.943751333000000","0.366469954821000","1.203972804330000","3094.000000000000000"
"12687","139","Democratic_Party_(United_States)","L:party","Peter_W._Galbraith",,"R:residence","Vermont","2","0.026697436345200","33574.00000","0.110344975914000","0.006716154554530","364.114566667000000","0.403675300051000","3.218875824870000","3112.333333330000000"
"12688","139","Democratic_Party_(United_States)","L:party","Peter_Shumlin",,"R:birthPlace","Vermont","2","0.041064792159700","359704.00000","0.110344975914000","0.006716154554530","365.360423333000000","0.366469954821000","1.203972804330000","3137.333333330000000"
"12689","139","Democratic_Party_(United_States)","L:party","Timothy_Dwight_Hobart",,"R:birthPlace","Vermont","2","0.034578464405400","359704.00000","0.110344975914000","0.006716154554530","363.892419000000000","0.366469954821000","1.203972804330000","3094.000000000000000"
"12690","139","Democratic_Party_(United_States)","L:party","Azariah_C._Flagg",,"R:birthPlace","Vermont","2","0.032604765071000","359704.00000","0.110344975914000","0.006716154554530","364.032310667000000","0.366469954821000","1.203972804330000","3095.666666670000000"
"12691","139","Democratic_Party_(United_States)","L:party","Jewett_W._Adams",,"R:birthPlace","Vermont","2","0.033424388945100","359704.00000","0.110344975914000","0.006716154554530","363.945903667000000","0.366469954821000","1.203972804330000","3094.333333330000000"
"12692","139","Democratic_Party_(United_States)","L:party","Peter_Welch",,"R:region","Vermont","2","0.041058139930400","47892.00000","0.110977251221000","0.007008057278040","364.693173333000000","0.298650276977000","2.525728644310000","3127.333333330000000"
"12693","139","Democratic_Party_(United_States)","L:party","Isaac_Fletcher",,"R:deathPlace","Vermont","2","0.032714406137800","119444.50000","0.110344975914000","0.006716154554530","363.881354000000000","0.386607060262000","2.525728644310000","3093.666666670000000"
"12694","139","Democratic_Party_(United_States)","L:party","John_Smith_(Vermont)",,"R:deathPlace","Vermont","2","0.033689918680100","119444.50000","0.110344975914000","0.006716154554530","363.878431667000000","0.386607060262000","2.525728644310000","3094.000000000000000"
"12695","139","Democratic_Party_(United_States)","L:party","Caroline_Bright",,"R:birthPlace","Vermont","2","0.032222460093800","359704.00000","0.110344975914000","0.006716154554530","363.820862667000000","0.366469954821000","1.203972804330000","3095.666666670000000"
"12696","139","Democratic_Party_(United_States)","L:party","Patrick_Leahy",,"R:birthPlace","Vermont","2","0.036550021000500","359704.00000","0.110977251221000","0.007008057278040","369.359400000000000","0.314464318610000","1.203972804330000","3336.666666670000000"
"12697","139","Democratic_Party_(United_States)","L:party","Ellery_Albee_Hibbard",,"R:birthPlace","Vermont","2","0.032138740495400","359704.00000","0.110344975914000","0.006716154554530","363.926816667000000","0.366469954821000","1.203972804330000","3094.000000000000000"
"12698","139","Democratic_Party_(United_States)","L:party","Gaye_Symington",,"R:region","Vermont","2","0.031751780880200","47892.00000","0.110344975914000","0.006716154554530","363.999136000000000","0.369653078006000","2.525728644310000","3095.333333330000000"
"12699","139","Democratic_Party_(United_States)","L:party","Steven_Howard_(politician)",,"R:region","Vermont","2","0.033345484165400","47892.00000","0.110344975914000","0.006716154554530","363.966590333000000","0.369653078006000","2.525728644310000","3094.000000000000000"
"12700","139","Democratic_Party_(United_States)","L:party","Joseph_H._Allen",,"R:birthPlace","Vermont","2","0.025736878303600","359704.00000","0.110344975914000","0.006716154554530","363.829876667000000","0.366469954821000","1.203972804330000","3094.333333330000000"
"12701","139","Democratic_Party_(United_States)","L:party","Lucius_Benedict_Peck",,"R:birthPlace","Vermont","2","0.033487200499000","359704.00000","0.110344975914000","0.006716154554530","363.929028333000000","0.366469954821000","1.203972804330000","3094.000000000000000"
"12702","139","Democratic_Party_(United_States)","L:party","Edmund_Burke_(congressman)",,"R:birthPlace","Vermont","2","0.031065425339700","359704.00000","0.110344975914000","0.006716154554530","363.936530667000000","0.366469954821000","1.203972804330000","3093.666666670000000"
"12703","139","Democratic_Party_(United_States)","L:party","Thomas_Bartlett,_Jr.",,"R:deathPlace","Vermont","2","0.033702561137300","119444.50000","0.110344975914000","0.009140296967240","363.848200000000000","0.305477673871000","2.525728644310000","3094.000000000000000"
"12704","139","Democratic_Party_(United_States)","L:party","Thomas_Bartlett,_Jr.",,"R:birthPlace","Vermont","2","0.033702561137300","359704.00000","0.110344975914000","0.009140296967240","363.848200000000000","0.314464318610000","1.203972804330000","3094.000000000000000"
"12705","139","Democratic_Party_(United_States)","L:party","Melvin_Baldwin",,"R:birthPlace","Vermont","2","0.032815358503900","359704.00000","0.110344975914000","0.006716154554530","363.940858333000000","0.366469954821000","1.203972804330000","3094.666666670000000"
"12706","139","Democratic_Party_(United_States)","L:party","Mark_Skinner",,"R:deathPlace","Vermont","2","0.028829226014300","119444.50000","0.110344975914000","0.006716154554530","363.854995667000000","0.386607060262000","2.525728644310000","3094.666666670000000"
"12707","139","Democratic_Party_(United_States)","L:party","Ron_Squires",,"R:residence","Vermont","2","0.032763813796900","33574.00000","0.110344975914000","0.006716154554530","363.811169333000000","0.403675300051000","3.218875824870000","3093.666666670000000"
"12708","139","United_States_Senate","L:occupation","Ralph_Flanders",,"R:birthPlace","Vermont","2","0.051902282955000","417337.50000","0.054674118742300","0.012645388500800","298.156763333000000","0.510599677032000","3.912023005430000","2218.333333330000000"
"297186","143","Greece","R:currency","Euro",,"L:currency","European_Union","2","0.061639689381500","602.00000","0.089068939246300","0.000699999512996","850.876000000000000","0.799678838853000","1.791759469230000","7453.000000000000000"
"297187","143","Greece","R:timeZone","Eastern_European_Time",,"L:timeZone","European_Union","2","0.074283865658700","237722.00000","0.082507853119300","0.000699999512996","1034.677000000000000","0.865900681075000","2.484906649790000","6045.333333330000000"
"297188","143","Greece","L:country","SpanishItalian_Amphibious_Battlegroup",,"R:country","European_Union","2","0.071258074498000","634426.00000","0.067634745241400","0.011504059567400","727.484916333000000","0.457256741386000","1.232143681290000","5996.333333330000000"
"297189","143","Greece","L:headquarter","European_Centre_for_the_Development_of_Vocational_Training",,"R:jurisdiction","European_Union","2","0.060396570430400","6192.50000","0.067634745241400","0.017469680970800","727.632856667000000","0.312078429303000","2.484906649790000","6005.000000000000000"
"297190","143","Greece","L:headquarter","European_Union_Agency_for_Network_and_Information_Security",,"R:jurisdiction","European_Union","2","0.078155583055000","6192.50000","0.067634745241400","0.017469680970800","1090.790000000000000","0.312078429303000","2.484906649790000","6007.000000000000000"
"297191","143","Greece","L:location","European_Centre_for_the_Development_of_Vocational_Training",,"R:jurisdiction","European_Union","2","0.060396570430400","84987.00000","0.067634745241400","0.017469680970800","727.632856667000000","0.310663999002000","2.484906649790000","6005.000000000000000"
"297192","143","Greece","L:location","European_Union_Agency_for_Network_and_Information_Security",,"R:jurisdiction","European_Union","2","0.078155583055000","84987.00000","0.067634745241400","0.017469680970800","1090.790000000000000","0.310663999002000","2.484906649790000","6007.000000000000000"
"297193","143","Greece","L:country","Balkan_Battlegroup",,"R:country","European_Union","2","0.076344090803100","634426.00000","0.067634745241400","0.011504059567400","727.403372333000000","0.457256741386000","1.232143681290000","5999.666666670000000"
"297194","143","Greece","L:location","Hellenic_Australian_Business_Council",,"R:regionServed","European_Union","2","0.071908890910700","86564.00000","0.067634745241400","0.017469680970800","727.265524667000000","0.308675477755000","3.178053830350000","5996.333333330000000"
"297195","143","Greece","L:regionServed","Hellenic_Australian_Business_Council",,"R:regionServed","European_Union","2","0.071908890910700","6280.00000","0.067634745241400","0.017469680970800","727.265524667000000","0.367915661764000","1.791759469230000","5996.333333330000000"
"297196","143","Greece","R:currency","Euro",,"L:currency","Netherlands","2","0.056875500030200","602.00000","0.090069410437100","0.005639729409750","994.186000000000000","0.799678838853000","1.791759469230000","8075.333333330000000"
"297197","143","Greece","R:governmentType","Unitary_state",,"L:governmentType","Netherlands","2","0.048389842825000","7299.00000","0.083688489345500","0.005639729409750","935.873666667000000","0.993194425242000","3.178053830350000","7206.666666670000000"
"297198","143","Greece","L:country","Alcuin_Schulten",,"R:country","Netherlands","2","0.063410789117700","634426.00000","0.068635216432300","0.018668243036200","870.569702333000000","0.447129238809000","1.232143681290000","6619.333333330000000"
"297199","143","Greece","L:country","Eurosport_2",,"R:country","Netherlands","2","0.063085568437100","634426.00000","0.068635216432300","0.031696756662700","871.450550000000000","0.266353317795000","1.232143681290000","6635.333333330000000"
"297200","143","Greece","L:country","Eurosport_2",,"R:locationCountry","Netherlands","2","0.063085568437100","324538.50000","0.068635216432300","0.031696756662700","871.450550000000000","0.336576070541000","3.178053830350000","6635.333333330000000"
"297201","143","Greece","L:hometown","Nikos_Vertis",,"R:birthPlace","Netherlands","2","0.062803989428800","365533.00000","0.068635216432300","0.018668243036200","870.680527000000000","0.517049390262000","3.178053830350000","6649.333333330000000"
"297202","143","Greece","L:locationCountry","Eurosport_2",,"R:country","Netherlands","2","0.063085568437100","324538.50000","0.068635216432300","0.031696756662700","871.450550000000000","0.310461190871000","3.178053830350000","6635.333333330000000"
"297203","143","Greece","L:locationCountry","Eurosport_2",,"R:locationCountry","Netherlands","2","0.063085568437100","14651.00000","0.068635216432300","0.031696756662700","871.450550000000000","0.380683943617000","3.178053830350000","6635.333333330000000"
"297204","143","Greece","L:regionServed","Visa_Inc.",,"R:regionServed","Netherlands","2","0.057922832595700","6280.00000","0.068635216432300","0.018668243036200","881.008466667000000","0.481333271782000","1.791759469230000","7073.666666670000000"
"297205","143","Greece","L:regionServed","Trans-European_Division_of_Seventh-day_Adventists",,"R:regionServed","Netherlands","2","0.061358711858500","6280.00000","0.068635216432300","0.018668243036200","870.733366000000000","0.481333271782000","1.791759469230000","6619.666666670000000"
"297206","143","Greece","L:regionServed","Trustpilot",,"R:regionServed","Netherlands","2","0.062791436629500","6280.00000","0.068635216432300","0.018668243036200","870.606293667000000","0.481333271782000","1.791759469230000","6694.666666670000000"
"297207","143","Greece","L:regionServed","VimpelCom_Ltd.",,"R:locationCountry","Netherlands","2","0.056869931610600","10465.50000","0.068635216432300","0.018668243036200","870.853836667000000","0.360500855012000","2.484906649790000","6695.000000000000000"
"297208","143","Greece","L:populationPlace","Australian_diaspora",,"R:populationPlace","Netherlands","2","0.060066671798500","3312.00000","0.068635216432300","0.018668243036200","871.119040000000000","0.682391497999000","2.484906649790000","6635.666666670000000"
"297209","143","Coal","L:industry","National_Company_of_Lignite_Oltenia",,"R:product","Lignite","2","0.185713379045000","23289.50000","0.018612606483700","0.000000000000305","99.913459000000000","0.979433593899000","2.484906649790000","1555.000000000000000"
"297210","143","Coal","L:industry","RB_Kolubara",,"R:product","Lignite","2","0.193437923023000","23289.50000","0.018612606483700","0.000000000000493","99.999840000000000","0.972096458105000","2.484906649790000","1556.333333330000000"
"297211","143","Coal","L:product","RB_Kolubara",,"R:product","Lignite","2","0.193437923023000","16331.00000","0.018612606483700","0.000000000000493","99.999840000000000","0.928073643341000","3.178053830350000","1556.333333330000000"
"297212","143","European_Union","L:ethnicGroup",,,,"Netherlands","1","0.046366642350900","470.00000","0.107850587511000","0.008673799422230","1323.445000000000000","0.241900575495000","3.178053830350000","11484.500000000000000"
"297213","143","European_Union","R:currency","Euro",,"L:currency","Netherlands","2","0.042613724651600","602.00000","0.097212154819300","0.005782532948150","1005.979333330000000","0.819183200776000","1.791759469230000","9113.000000000000000"
"297214","143","European_Union","R:currency","ISO_4217",,"L:currency","Netherlands","2","0.042309271918800","602.00000","0.088719968033000","0.005782532948150","901.779800000000000","0.819183200776000","1.791759469230000","8405.666666670000000"
"297215","143","European_Union","R:timeZone","Central_European_Time",,"L:timeZone","Netherlands","2","0.040273538474100","237722.00000","0.088719968033000","0.005782532948150","1291.233333330000000","0.823661623462000","2.484906649790000","7969.000000000000000"
"297216","143","European_Union","L:country","EUBG_2014_II",,"R:country","Netherlands","2","0.045197936290600","634426.00000","0.075777960814400","0.017683863822300","882.418249667000000","0.457763116515000","1.232143681290000","7657.666666670000000"
"297217","143","European_Union","L:nationality","Hans_Blom",,"R:nationality","Netherlands","2","0.042010212360400","97340.00000","0.075777960814400","0.017683863822300","882.409711333000000","0.825831720237000","3.178053830350000","7658.333333330000000"
"297218","143","European_Union","L:jurisdiction","Europol",,"R:headquarter","Netherlands","2","0.040844214835500","6192.50000","0.075777960814400","0.024746756045400","886.525700000000000","0.319454028349000","2.484906649790000","7726.666666670000000"
"297219","143","European_Union","L:regionServed","EU_Secondary_Ticketing_Association",,"R:headquarter","Netherlands","2","0.048571370244500","7769.50000","0.075777960814400","0.017683863822300","882.393447000000000","0.333307642174000","3.178053830350000","7660.000000000000000"
"297220","143","European_Union","L:jurisdiction","Eurojust",,"R:headquarter","Netherlands","2","0.042915972718400","6192.50000","0.075777960814400","0.024746756045400","884.139270000000000","0.319454028349000","2.484906649790000","7678.666666670000000"
"297221","143","European_Union","L:jurisdiction","Europol",,"R:location","Netherlands","2","0.040844214835500","84987.00000","0.075777960814400","0.024746756045400","886.525700000000000","0.302057833626000","2.484906649790000","7726.666666670000000"
"297222","143","European_Union","L:jurisdiction","Eurojust",,"R:location","Netherlands","2","0.042915972718400","84987.00000","0.075777960814400","0.024746756045400","884.139270000000000","0.302057833626000","2.484906649790000","7678.666666670000000"
"297223","143","European_Union","L:location","Kiwa_NV",,"R:location","Netherlands","2","0.046366642350900","166848.00000","0.075777960814400","0.017683863822300","1323.445000000000000","0.563703832113000","3.178053830350000","7656.333333330000000"
"297224","143","European_Union","L:regionServed","General_Logistics_Systems",,"R:locationCountry","Netherlands","2","0.045878054270100","10465.50000","0.075777960814400","0.017683863822300","882.445570000000000","0.348882465694000","2.484906649790000","7680.000000000000000"
"297225","143","European_Union","L:populationPlace","Bukharan_Jews",,"R:populationPlace","Netherlands","2","0.034963204100100","3312.00000","0.075777960814400","0.017683863822300","886.427100000000000","0.682391497999000","2.484906649790000","7758.666666670000000"
"297226","143","European_Union","L:country","Battlegroup_107",,"R:country","Netherlands","2","0.040496324769500","634426.00000","0.075777960814400","0.017683863822300","882.468384333000000","0.457763116515000","1.232143681290000","7659.666666670000000"
"297227","143","European_Union","L:country","UKDutch_Battlegroup",,"R:country","Netherlands","2","0.041626619096000","634426.00000","0.075777960814400","0.017683863822300","882.468384333000000","0.457763116515000","1.232143681290000","7656.333333330000000"
"297228","143","European_Union","R:leader","Martin_Schulz",,"L:leader","European_Parliament","2","0.058185908961000","3663.00000","0.056391416112900","0.000431086331215","453.684163333000000","1.254561379250000","3.178053830350000","4147.000000000000000"
"297229","143","European_Union","L:regionServed","MEPs_Against_Cancer",,"R:affiliation","European_Parliament","2","0.063534025224600","6468.00000","0.044950073288000","0.005380723614250","452.050810667000000","0.846191761385000","3.178053830350000","4008.333333330000000"
"297233","145","Mediterranean_Sea","R:nearestCity","Tripoli",,"R:country","Libya","2","0.073476676273200","321629.50000","0.092823734578500","0.000132503754801","268.472300000000000","0.816656349618000","2.614959778040000","2629.333333330000000"
"297234","145","Mediterranean_Sea","R:nearestCity","Tripoli",,"L:capital","Libya","2","0.073476676273200","5140.50000","0.092823734578500","0.000132503754801","268.472300000000000","1.325884099630000","3.020424886140000","2629.333333330000000"
"297235","145","Mediterranean_Sea","L:place","Operation_Unified_Protector",,"R:place","Libya","2","0.078549527308700","10039.00000","0.054460045722600","0.000363666115211","248.321436667000000","0.811158115421000","2.327277705580000","2392.333333330000000"
"297236","145","Mediterranean_Sea","R:nearestCity","zmir",,"R:country","Turkey","2","0.041631627088300","321629.50000","0.060937578239700","0.002118565546120","623.132000000000000","1.066053073240000","2.614959778040000","4547.666666670000000"
"297237","145","Mediterranean_Sea","R:inflow","Sea_of_Marmara",,"R:country","Turkey","2","0.036927215926300","318352.50000","0.060937578239700","0.002118565546120","611.638700000000000","0.892017977606000","3.713572066700000","4641.666666670000000"
"297238","145","Mediterranean_Sea","L:riverMouth","Seyhan_River",,"R:country","Turkey","2","0.027226317855500","324874.50000","0.057603161905100","0.006586858998470","598.781696667000000","0.284888536385000","3.713572066700000","4549.333333330000000"
"297239","145","Mediterranean_Sea","L:riverMouth","Seyhan_River",,"R:mouthCountry","Turkey","2","0.027226317855500","7991.50000","0.057603161905100","0.006586858998470","598.781696667000000","0.339219600906000","3.713572066700000","4549.333333330000000"
"297240","145","Mediterranean_Sea","L:riverMouth","Seyhan_River",,"R:sourceCountry","Turkey","2","0.027226317855500","10620.50000","0.057603161905100","0.006586858998470","598.781696667000000","0.301426867930000","3.020424886140000","4549.333333330000000"
"297241","145","Mediterranean_Sea","L:riverMouth","Gksu",,"R:sourceCountry","Turkey","2","0.038298458883100","10620.50000","0.057603161905100","0.002349727906530","599.750676667000000","0.522681810980000","3.020424886140000","4547.666666670000000"
"297242","145","Mediterranean_Sea","L:outflow","Aegean_Sea",,"R:country","Turkey","2","0.039026272441000","318708.00000","0.057603161905100","0.004214772988360","634.722666667000000","0.419927791990000","2.614959778040000","4881.666666670000000"
"297243","145","Mediterranean_Sea","L:isPartOf","Kalkan",,"R:country","Turkey","2","0.054099650812800","484225.50000","0.057603161905100","0.002349727906530","598.331566667000000","0.487509334601000","1.921812597480000","4559.333333330000000"
"297244","145","Mediterranean_Sea","L:isPartOf","Bozyaz",,"R:country","Turkey","2","0.042269759306200","484225.50000","0.057603161905100","0.002349727906530","598.347933333000000","0.487509334601000","1.921812597480000","4547.666666670000000"
"297245","145","Mediterranean_Sea","L:isPartOf","Finike",,"R:country","Turkey","2","0.048541954884800","484225.50000","0.057603161905100","0.002349727906530","598.866706667000000","0.487509334601000","1.921812597480000","4555.000000000000000"
"297246","145","Mediterranean_Sea","L:isPartOf","Korkuteli",,"R:country","Turkey","2","0.039063921113600","484225.50000","0.057603161905100","0.002349727906530","598.819856667000000","0.487509334601000","1.921812597480000","4549.666666670000000"
"297247","145","Mediterranean_Sea","L:isPartOf","Kumluca",,"R:country","Turkey","2","0.037641671027700","484225.50000","0.057603161905100","0.002349727906530","598.587593333000000","0.487509334601000","1.921812597480000","4551.000000000000000"
"297248","145","Mediterranean_Sea","L:isPartOf","Serik",,"R:country","Turkey","2","0.042361882194900","484225.50000","0.057603161905100","0.002349727906530","598.649200000000000","0.487509334601000","1.921812597480000","4550.666666670000000"
"297249","145","Mediterranean_Sea","L:location","Gemiler_Island",,"R:country","Turkey","2","0.042440529431800","400637.00000","0.057603161905100","0.002349727906530","598.225993667000000","0.419306161513000","3.020424886140000","4550.666666670000000"
"297250","145","Mediterranean_Sea","R:nearestCity","Athens",,"R:country","Greece","2","0.033432463802200","321629.50000","0.073293517889000","0.001865045081940","685.809333333000000","0.822809790660000","2.614959778040000","4374.666666670000000"
"297251","145","Mediterranean_Sea","R:nearestCity","Athens",,"L:capital","Greece","2","0.033432463802200","5140.50000","0.073293517889000","0.001865045081940","685.809333333000000","0.949271567426000","3.020424886140000","4374.666666670000000"
"297252","145","Mediterranean_Sea","L:spokenIn","Greek_language",,"L:language","Greece","2","0.041738395839900","37224.00000","0.069959101554500","0.000231162360525","887.009000000000000","0.879474110456000","3.713572066700000","4320.333333330000000"
"297253","145","Mediterranean_Sea","L:inflow","Messenian_Gulf",,"R:country","Greece","2","0.043518341449800","318352.50000","0.059960604633500","0.002096207442360","525.406150000000000","0.420778052162000","3.713572066700000","3347.000000000000000"
"297254","145","Mediterranean_Sea","L:place","Battle_of_Cape_Matapan",,"R:place","Greece","2","0.049569851055900","10039.00000","0.059960604633500","0.002096207442360","526.551543333000000","0.756478024674000","2.327277705580000","3399.000000000000000"
"297255","145","Mediterranean_Sea","L:outflow","Aegean_Sea",,"R:country","Greece","2","0.038172140902800","318708.00000","0.059960604633500","0.004214772988320","561.326000000000000","0.405748123500000","2.614959778040000","3680.666666670000000"
"297256","145","Mediterranean_Sea","L:outflow","Ionian_Sea",,"R:country","Greece","2","0.042877129276600","318708.00000","0.059960604633500","0.002096207442360","539.350400000000000","0.452162429846000","2.614959778040000","3441.333333330000000"
"297257","145","Mediterranean_Sea","L:location","Pontikonisi",,"R:country","Greece","2","0.040630930921100","400637.00000","0.059960604633500","0.002096207442360","524.727793333000000","0.405126493023000","3.020424886140000","3368.666666670000000"
"297258","145","Libya","L:spokenIn","Domari_language",,"R:spokenIn","Turkey","2","0.080845979297600","7703.00000","0.081720637502700","0.002251069300870","512.486980000000000","0.543966678820000","1.315676793910000","5202.333333330000000"
"297259","145","Libya","L:place","Spillover_of_the_Syrian_Civil_War",,"R:place","Turkey","2","0.063862654288000","10039.00000","0.081720637502700","0.002251069300870","511.421563333000000","0.775195440353000","2.327277705580000","5376.666666670000000"
"297260","145","Libya","L:populationPlace","Greek_Muslims",,"R:populationPlace","Turkey","2","0.063141495555700","3312.00000","0.081720637502700","0.004116114382700","513.601093333000000","0.534664059449000","0.880358722648000","5225.000000000000000"
"297261","145","Libya","L:populationPlace","Dom_people",,"R:populationPlace","Turkey","2","0.068769711044500","3312.00000","0.081720637502700","0.002251069300870","512.601326667000000","0.534664059449000","0.880358722648000","5251.333333330000000"
"297262","145","Libya","L:deathPlace","Mas'ud_Hai_Rakkah",,"R:birthPlace","Turkey","2","0.063310566732000","440352.50000","0.081720637502700","0.002251069300870","511.107769333000000","0.334048057842000","2.327277705580000","5180.000000000000000"
"297263","145","Libya","L:populationPlace","Saudis",,"R:populationPlace","Turkey","2","0.061208832943700","3312.00000","0.081720637502700","0.002251069300870","511.645333333000000","0.534664059449000","0.880358722648000","5209.666666670000000"
"297264","145","Libya","L:populationPlace","Khafaja",,"R:populationPlace","Turkey","2","0.066095539561900","3312.00000","0.081720637502700","0.002251069300870","511.045805667000000","0.534664059449000","0.880358722648000","5182.000000000000000"
"297265","145","Libya","L:populationPlace","Greek_Muslims",,"R:populationPlace","Greece","2","0.062744447849700","3312.00000","0.084078080231100","0.004116114382650","440.204426667000000","0.534419361939000","0.880358722648000","4024.000000000000000"
"297266","145","Libya","L:spokenIn","Mediterranean_Lingua_Franca",,"R:spokenIn","Greece","2","0.067821602343900","7703.00000","0.084078080231100","0.001997548836690","440.244453333000000","0.548218633057000","1.315676793910000","4061.000000000000000"
"297267","145","Libya","L:populationPlace","Egyptian_diaspora",,"R:populationPlace","Greece","2","0.063333618791600","3312.00000","0.084078080231100","0.001997548836690","437.721065000000000","0.534419361939000","0.880358722648000","3987.333333330000000"
"297268","145","Turkey","R:language","Turkish_language",,"R:spokenIn","Greece","2","0.026019445662700","37224.00000","0.106157333305000","0.003983610628010","891.259333333000000","0.644769112801000","3.713572066700000","6647.666666670000000"
"297269","145","Turkey","R:officialLanguage","Turkish_language",,"R:spokenIn","Greece","2","0.026019445662700","4022.00000","0.106157333305000","0.003983610628010","891.259333333000000","0.701212236988000","3.713572066700000","6647.666666670000000"
"297270","145","Turkey","R:governmentType","Unitary_state",,"L:governmentType","Greece","2","0.022926193136500","7299.00000","0.106687761780000","0.000000000000215","854.167000000000000","1.255375107350000","3.713572066700000","6747.666666670000000"
"297271","145","Turkey","R:timeZone","Eastern_European_Time",,"L:timeZone","Greece","2","0.031084914341800","237722.00000","0.106687761780000","0.000000000000215","1096.280333330000000","1.255375107350000","3.713572066700000","6208.666666670000000"
"297272","145","Turkey","L:birthPlace","Pavlos_Karolidis",,"R:deathPlace","Greece","2","0.024587523311300","440352.50000","0.087221196413600","0.003983610628010","788.878647333000000","0.348924839635000","1.315676793910000","6163.000000000000000"
"297273","145","Turkey","L:birthPlace","orlulu_Ali_Pasha",,"R:deathPlace","Greece","2","0.023802270680600","440352.50000","0.087221196413600","0.003983610628010","788.994674333000000","0.348924839635000","1.315676793910000","6159.666666670000000"
"297274","145","Turkey","L:birthPlace","Ayal_Ismail_Pasha",,"R:deathPlace","Greece","2","0.023516586451000","440352.50000","0.087221196413600","0.003983610628010","789.233966667000000","0.348924839635000","1.315676793910000","6159.666666670000000"
"297275","145","Turkey","L:nationality","Cavit_alar",,"R:birthPlace","Greece","2","0.022820382125900","388976.00000","0.087221196413600","0.003983610628010","789.017333000000000","0.372284491996000","3.713572066700000","6159.666666670000000"
"297276","145","Turkey","L:birthPlace","Alekos_Sofianidis",,"R:deathPlace","Greece","2","0.024253283918800","440352.50000","0.087221196413600","0.003983610628010","788.910118000000000","0.348924839635000","1.315676793910000","6160.000000000000000"
"297277","145","Turkey","L:birthPlace","Stavros_Xenidis",,"R:deathPlace","Greece","2","0.024838718468200","440352.50000","0.087221196413600","0.003983610628010","788.876331333000000","0.348924839635000","1.315676793910000","6160.000000000000000"
"297278","145","Turkey","L:deathPlace","Mehmet_Esat_Blkat",,"R:birthPlace","Greece","2","0.023425238265300","440352.50000","0.087221196413600","0.003983610628010","789.296450000000000","0.299887505542000","2.327277705580000","6159.666666670000000"
"297279","145","Turkey","L:birthPlace","Zannino",,"R:deathPlace","Greece","2","0.024024869082200","440352.50000","0.087221196413600","0.003983610628010","788.864964000000000","0.348924839635000","1.315676793910000","6162.666666670000000"
"297280","145","Turkey","L:birthPlace","Andreas_Krystallis",,"R:deathPlace","Greece","2","0.024355651828000","440352.50000","0.087221196413600","0.003983610628010","788.848440333000000","0.348924839635000","1.315676793910000","6160.000000000000000"
"297281","145","Turkey","L:birthPlace","Andreas_Syngros",,"R:deathPlace","Greece","2","0.022846595037800","440352.50000","0.087221196413600","0.003983610628010","789.034505000000000","0.348924839635000","1.315676793910000","6161.666666670000000"
"297282","145","Turkey","L:birthPlace","Marika_Nezer",,"R:deathPlace","Greece","2","0.020766450189100","440352.50000","0.087221196413600","0.003983610628010","789.111264333000000","0.348924839635000","1.315676793910000","6160.666666670000000"
"297283","145","Turkey","L:birthPlace","Sofia_Vembo",,"R:deathPlace","Greece","2","0.035459701502600","440352.50000","0.087221196413600","0.005848655709840","789.083156667000000","0.346793484533000","1.315676793910000","6165.000000000000000"
"297284","145","Turkey","L:birthPlace","Kleanthis_Maropoulos",,"R:deathPlace","Greece","2","0.020896695402000","440352.50000","0.087221196413600","0.003983610628010","788.877235333000000","0.348924839635000","1.315676793910000","6161.666666670000000"
"297285","145","Turkey","L:deathPlace","Necati_Cumal",,"R:birthPlace","Greece","2","0.035040935680900","440352.50000","0.087221196413600","0.003983610628010","788.984472000000000","0.299887505542000","2.327277705580000","6159.666666670000000"
"297286","145","Turkey","L:deathPlace","Athenagoras_I_of_Constantinople",,"R:birthPlace","Greece","2","0.026872009968600","440352.50000","0.087221196413600","0.003983610628010","791.100786667000000","0.299887505542000","2.327277705580000","6166.666666670000000"
"297287","145","Turkey","L:birthPlace","Sofia_Vembo",,"R:birthPlace","Greece","2","0.035459701502600","680612.00000","0.087221196413600","0.005848655709840","789.083156667000000","0.407733308511000","3.713572066700000","6165.000000000000000"
"297288","145","Turkey","L:country","Lokma",,"R:country","Greece","2","0.022354016639300","634426.00000","0.087221196413600","0.003983610628010","789.402506667000000","0.514481179370000","2.104134154270000","6195.333333330000000"
"297289","145","Turkey","L:broadcastArea","Animal_Planet_Europe",,"R:broadcastArea","Greece","2","0.022133572339000","6257.00000","0.087221196413600","0.003983610628010","789.017336000000000","1.016613573780000","3.713572066700000","6161.666666670000000"
"297290","145","Turkey","L:country","Mediterranean_Basketball_Association",,"R:country","Greece","2","0.024742202332300","634426.00000","0.087221196413600","0.003983610628010","788.889166667000000","0.514481179370000","2.104134154270000","6159.666666670000000"
"297291","145","Turkey","L:country","Eurosport_2",,"R:country","Greece","2","0.023345088024400","634426.00000","0.087221196413600","0.007967221255810","789.743883333000000","0.290816974506000","2.104134154270000","6176.333333330000000"
"297292","145","Turkey","L:locationCountry","Eurosport_2",,"R:country","Greece","2","0.023345088024400","324538.50000","0.087221196413600","0.007967221255810","789.743883333000000","0.395099924966000","3.713572066700000","6176.333333330000000"
"297293","145","Turkey","L:country","Aegean_Islands",,"R:country","Greece","2","0.025947119911800","634426.00000","0.087221196413600","0.003983610628010","796.889133333000000","0.514481179370000","2.104134154270000","6209.333333330000000"
"297294","145","Turkey","L:country","Aegean_Sea",,"R:country","Greece","2","0.027480496720400","634426.00000","0.087221196413600","0.004214772988420","825.523666667000000","0.365371709460000","2.104134154270000","6493.666666670000000"
"297295","145","Turkey","L:county","European_route_E90",,"R:county","Greece","2","0.024475138216800","14645.00000","0.087221196413600","0.003983610628010","790.028933333000000","0.874721205639000","3.020424886140000","6163.333333330000000"
"297296","145","Turkey","L:county","Pan-European_Corridor_IV",,"R:county","Greece","2","0.024126530244300","14645.00000","0.087221196413600","0.003983610628010","789.062711000000000","0.874721205639000","3.020424886140000","6161.333333330000000"
"297297","145","Turkey","L:country","Eurosport_2",,"R:locationCountry","Greece","2","0.023345088024400","324538.50000","0.087221196413600","0.007967221255810","789.743883333000000","0.410180580375000","3.713572066700000","6176.333333330000000"
"297298","145","Turkey","L:locationCountry","Eurosport_2",,"R:locationCountry","Greece","2","0.023345088024400","14651.00000","0.087221196413600","0.007967221255810","789.743883333000000","0.514463530836000","3.713572066700000","6176.333333330000000"
"297299","145","Turkey","L:location","87_Minutes_Project",,"R:location","Greece","2","0.039967473401300","166848.00000","0.087221196413600","0.003983610628010","788.846666667000000","0.864253146844000","3.713572066700000","6159.666666670000000"
"297300","145","Turkey","L:hometown","Dreamtone_&_Iris_Mavraki's_Neverland",,"R:hometown","Greece","2","0.021876257561600","50454.00000","0.087221196413600","0.003983610628010","788.928024000000000","1.016613573780000","3.713572066700000","6163.000000000000000"
"297301","145","Turkey","L:populationPlace","Bulgarians",,"R:populationPlace","Greece","2","0.031098619134300","3312.00000","0.087221196413600","0.003983610628010","807.698500000000000","0.473979076958000","0.880358722648000","6280.000000000000000"
"297302","145","Turkey","L:region","Yaprak_(food)",,"R:region","Greece","2","0.025321754198100","56988.00000","0.087221196413600","0.003983610628010","788.913128333000000","0.533081788134000","1.228665416920000","6175.666666670000000"
"297303","145","Turkey","L:region","Stuffed_sorrel",,"R:region","Greece","2","0.027166154176000","56988.00000","0.087221196413600","0.003983610628010","788.846666667000000","0.533081788134000","1.228665416920000","6160.000000000000000"
"297304","145","Turkey","L:country","Muhallebi",,"R:region","Greece","2","0.026403083667800","345707.00000","0.087221196413600","0.006102176173980","789.128345000000000","0.306811697479000","3.713572066700000","6173.666666670000000"
"297305","145","Turkey","L:region","Muhallebi",,"R:region","Greece","2","0.026403083667800","56988.00000","0.087221196413600","0.006102176173980","789.128345000000000","0.378178633848000","1.228665416920000","6173.666666670000000"
"297306","145","Turkey","L:sourceCountry","Arda_(Maritsa)",,"R:sourceCountry","Greece","2","0.030586211780900","5918.00000","0.087221196413600","0.003983610628010","789.698096667000000","0.793218147224000","3.020424886140000","6162.000000000000000"
"297307","145","Turkey","L:sourceCountry","Maritsa",,"R:sourceCountry","Greece","2","0.027900767877800","5918.00000","0.087221196413600","0.003983610628010","793.385500000000000","0.793218147224000","3.020424886140000","6188.000000000000000"
"297308","145","Turkey","L:region","Stuffed_mallow",,"R:region","Greece","2","0.027250140459500","56988.00000","0.087221196413600","0.003983610628010","788.846666667000000","0.533081788134000","1.228665416920000","6160.000000000000000"
"297309","145","Turkey","L:populationPlace","Pomaks",,"R:populationPlace","Greece","2","0.042351319107300","3312.00000","0.087221196413600","0.003983610628010","791.968256667000000","0.473979076958000","0.880358722648000","6205.333333330000000"
"297310","145","Turkey","L:region","Colocasia_with_lamb",,"R:region","Greece","2","0.024133689492900","56988.00000","0.087221196413600","0.003983610628010","788.853259333000000","0.533081788134000","1.228665416920000","6161.000000000000000"
"297311","145","Turkey","L:place","Evros_River_incident",,"R:place","Greece","2","0.026321668513600","10039.00000","0.087221196413600","0.003983610628010","1183.195000000000000","0.720515349606000","2.327277705580000","6159.666666670000000"
"297312","145","Turkey","L:regionServed","The_Pepsi_Bottling_Group",,"R:regionServed","Greece","2","0.018716545468400","6280.00000","0.087221196413600","0.003983610628010","789.327886667000000","0.874721205639000","3.020424886140000","6181.000000000000000"
"297313","145","Turkey","L:routeStart","Istanbul-Pythio_railway",,"R:routeEnd","Greece","2","0.027136986504300","17318.50000","0.087221196413600","0.003983610628010","788.990388333000000","0.591566458852000","3.713572066700000","6160.000000000000000"
"297314","145","Turkey","L:populationPlace","Cham_Albanians",,"R:populationPlace","Greece","2","0.022437757337100","3312.00000","0.087221196413600","0.003983610628010","790.322163333000000","0.473979076958000","0.880358722648000","6171.333333330000000"
"297315","145","Turkey","L:populationPlace","Pontic_Greeks",,"R:populationPlace","Greece","2","0.019938505912300","3312.00000","0.087221196413600","0.003983610628010","794.979033333000000","0.473979076958000","0.880358722648000","6253.333333330000000"
"297316","145","Turkey","L:populationPlace","Albanians",,"R:populationPlace","Greece","2","0.023946614587200","3312.00000","0.087221196413600","0.003983610628010","815.041400000000000","0.473979076958000","0.880358722648000","6427.666666670000000"
"297317","145","Turkey","L:populationPlace","Romani_people",,"R:populationPlace","Greece","2","0.054850252421000","3312.00000","0.087221196413600","0.003983610628010","857.268000000000000","0.473979076958000","0.880358722648000","8152.000000000000000"
"297318","145","Turkey","L:populationPlace","Greek_Muslims",,"R:populationPlace","Greece","2","0.034777789653700","3312.00000","0.087221196413600","0.004116114382780","791.444093333000000","0.473979076958000","0.880358722648000","6204.666666670000000"
"297319","145","Turkey","L:populationPlace","South_Slavs",,"R:populationPlace","Greece","2","0.027238401260100","3312.00000","0.087221196413600","0.003983610628010","800.158466667000000","0.473979076958000","0.880358722648000","6260.333333330000000"
"297320","145","Turkey","L:region","Mallow_with_lamb",,"R:region","Greece","2","0.035962045853000","56988.00000","0.087221196413600","0.003983610628010","788.853259333000000","0.533081788134000","1.228665416920000","6161.000000000000000"
"297321","145","Turkey","L:regionServed","Discovery_Networks_CEEMEA",,"R:regionServed","Greece","2","0.018081571579000","6280.00000","0.087221196413600","0.003983610628010","788.893059333000000","0.874721205639000","3.020424886140000","6167.333333330000000"
"297322","145","Turkey","L:region","Stuffed_artichoke",,"R:region","Greece","2","0.019744276673900","56988.00000","0.087221196413600","0.003983610628010","788.846666667000000","0.533081788134000","1.228665416920000","6161.000000000000000"
"297323","145","Turkey","L:nationality","Assia_Abdullah",,"R:nationality","Greece","2","0.023371509694900","97340.00000","0.087221196413600","0.007967221255810","788.855429667000000","0.447828661614000","3.713572066700000","6161.000000000000000"
"297324","145","Turkey","L:nationality","Assia_Abdullah",,"R:stateOfOrigin","Greece","2","0.023371509694900","62215.00000","0.087221196413600","0.007967221255810","788.855429667000000","0.480830634163000","3.713572066700000","6161.000000000000000"
"297325","145","Turkey","L:region","Blessed_thistle_with_lamb",,"R:region","Greece","2","0.032994960592800","56988.00000","0.087221196413600","0.003983610628010","788.918666333000000","0.533081788134000","1.228665416920000","6162.666666670000000"
"297326","145","Turkey","L:stateOfOrigin","Assia_Abdullah",,"R:nationality","Greece","2","0.023371509694900","62215.00000","0.087221196413600","0.007967221255810","788.855429667000000","0.481461558287000","3.713572066700000","6161.000000000000000"
"297327","145","Turkey","L:stateOfOrigin","Assia_Abdullah",,"R:stateOfOrigin","Greece","2","0.023371509694900","27090.00000","0.087221196413600","0.007967221255810","788.855429667000000","0.514463530836000","3.713572066700000","6161.000000000000000"
"297328","145","Turkey","L:birthPlace","Savas_Dimopoulos",,"R:nationality","Greece","2","0.023796717037100","388976.00000","0.087221196413600","0.003983610628010","788.986369000000000","0.395414339603000","3.713572066700000","6176.333333330000000"
"297329","145","Turkey","L:populationPlace","Megleno-Romanians",,"R:populationPlace","Greece","2","0.049165418763700","3312.00000","0.087221196413600","0.003983610628010","789.986310000000000","0.473979076958000","0.880358722648000","6169.000000000000000"
"297330","145","Turkey","L:deathPlace","John_the_Russian",,"R:majorShrine","Greece","2","0.025849171287200","100473.00000","0.087221196413600","0.003983610628010","788.916855000000000","0.447052627417000","3.713572066700000","6161.666666670000000"
"297331","145","Turkey","L:populationPlace","West_Slavs",,"R:populationPlace","Greece","2","0.018049200565900","3312.00000","0.087221196413600","0.003983610628010","796.204333333000000","0.473979076958000","0.880358722648000","6232.000000000000000"
"297332","145","Turkey","L:region","Fennel_with_lamb",,"R:region","Greece","2","0.035565331383300","56988.00000","0.087221196413600","0.003983610628010","788.853259333000000","0.533081788134000","1.228665416920000","6160.333333330000000"
"297333","145","Turkey","L:populationPlace","Romaniote_Jews",,"R:populationPlace","Greece","2","0.045538401116800","3312.00000","0.087221196413600","0.003983610628010","791.929806667000000","0.473979076958000","0.880358722648000","6183.333333330000000"
"297334","145","Turkey","L:region","Corn_poppy_with_lamb",,"R:region","Greece","2","0.032863039087600","56988.00000","0.087221196413600","0.003983610628010","788.885164000000000","0.533081788134000","1.228665416920000","6162.000000000000000"
"297335","145","Turkey","L:region","Stuffed_squid",,"R:region","Greece","2","0.023988014265800","56988.00000","0.087221196413600","0.003983610628010","788.846666667000000","0.533081788134000","1.228665416920000","6159.666666670000000"
"297336","145","Turkey","L:region","Sogan-dolma",,"R:region","Greece","2","0.021380779629000","56988.00000","0.087221196413600","0.003983610628010","788.963428667000000","0.533081788134000","1.228665416920000","6171.333333330000000"
"297337","145","Turkey","L:spokenIn","Karamanli_Turkish",,"R:spokenIn","Greece","2","0.019795227321000","7703.00000","0.087221196413600","0.003983610628010","789.620283333000000","0.532061206954000","1.315676793910000","6169.000000000000000"
"297338","145","Turkey","L:spokenIn","Megleno-Romanian_language",,"R:spokenIn","Greece","2","0.021579185438900","7703.00000","0.087221196413600","0.003983610628010","791.437050000000000","0.532061206954000","1.315676793910000","6175.333333330000000"
"297339","145","Turkey","L:spokenIn","Balkan_Romani",,"R:spokenIn","Greece","2","0.024972588860900","7703.00000","0.087221196413600","0.003983610628010","789.459623333000000","0.532061206954000","1.315676793910000","6168.000000000000000"
"297340","145","Turkey","L:spokenIn","Judaeo-Spanish",,"R:spokenIn","Greece","2","0.027094805836200","7703.00000","0.087221196413600","0.003983610628010","800.297800000000000","0.532061206954000","1.315676793910000","6278.333333330000000"
"297341","145","Turkey","L:spokenIn","Yevanic_language",,"R:spokenIn","Greece","2","0.022316484547200","7703.00000","0.087221196413600","0.003983610628010","790.998476667000000","0.532061206954000","1.315676793910000","6173.333333330000000"
"297342","145","Turkey","L:spokenIn","Aromanian_language",,"R:spokenIn","Greece","2","0.022512263989000","7703.00000","0.087221196413600","0.003983610628010","793.839933333000000","0.532061206954000","1.315676793910000","6206.000000000000000"
"297343","145","Turkey","L:spokenIn","Bulgarian_language",,"R:spokenIn","Greece","2","0.020295695417800","7703.00000","0.087221196413600","0.003983610628010","826.667666667000000","0.532061206954000","1.315676793910000","6413.333333330000000"
"297344","145","Turkey","L:spokenIn","Turkish_language",,"R:spokenIn","Greece","2","0.026019445662700","7703.00000","0.106157333305000","0.003983610628010","891.259333333000000","0.532061206954000","1.315676793910000","6647.666666670000000"
"297345","145","Turkey","L:spokenIn","Balkan_Gagauz_Turkish",,"R:spokenIn","Greece","2","0.023126224303500","7703.00000","0.087221196413600","0.003983610628010","790.386856667000000","0.532061206954000","1.315676793910000","6163.000000000000000"
